Site,Steward
Alexander Farm,Dominic
Anderson Farm,Neil
Banner Farm,Joe
Bethel Branch,Andrea
Big Harris,Sam
Black Dirt,Neil
Bluestone Creek,Andrea
Bootstrap,Dominic
Bridgefork Dairy,Emily
Buckwater,Neil
Bug Headwaters,Emily
Burnetts Chapel,Sam
Candy Creek,Andrew
Carpenter Bottom,Dominic
Casey Creek,Lydie
Catfish Pond ,Andrew
Cool Springs,Lydie
Cornbread,Joe
Cox Pond,Neil
Critcher,Emily
Cross Creek Ranch,Sam
Daniel’s Creek,Lydie
Deep Meadow,Dominic
Double H,Sam
Double Rock,Sam
Dry Creek,Lydie
Dudley Pond,Andrea
Dynamite Creek,Lydie
East Buffalo,Joe
East Mingo,Andrea
Falcon Ford,Joe
Falling Creek ,Neil
Firestone,Sam
Flat Rock,Andrew
Four Hills,Sam
Grantham Branch,Neil
Great Meadow,Neil
Hall Creek,Andrea
Hatch's Hill,Andrea
Hazel River,Joe
Henry Fork,Emily
Holman Mill,Andrea
Honey Mill,Dominic
Huntsman,Dominic
Key Mill,Dominic
Laurel Valley,Emily
Liberty Rock,Andrew
Little River Ford (DMS),Andrew
Little River Weaver,Andrew
Loflin Dairy,Sam
Lone Hickory,Dominic
Long Pond,Andrea
Loop Road,Neil
Love Cats,Emily
Lyon Hills,Emily
Maney Farm,Andrea
Mangum Homestead,Neil
Martin Dairy,Neil
Marylea,Andrea
McClenny Acres,Andrew
Moccasin,Neil
Oak Grove Farm,Dominic
Oak Hill Dairy,Emily
O'Berry Road,Neil
Owls Den,Emily
Perry Hill,Neil
Pine Hill Branch,Andrew
Plantation Branch,Dominic
Proctor Dairy,Dominic
Reedy Creek,Sam
Riverbend,Emily
Rosewood,Neil
Running Dog,Dominic
Sandy Branch,Neil
Sassarixa Swamp,Andrew
Shake Rag,Joe
South Fork,Andrew
Thoroughfare Swamp,Neil
Twin Burros,Andrew
Vile Creek,Sam
White Buffalo,Dominic
Wolfe,Andrew
Wyant,Emily
